{"inputs":[["0a17000000000000000000000000000000000000000000000000000000000000","3313000000000000000000000000000000000000000000000000000000000000","9a11000000000000000000000000000000000000000000000000000000000000","cd14000000000000000000000000000000000000000000000000000000000000","331b000000000000000000000000000000000000000000000000000000000000","cd0c000000000000000000000000000000000000000000000000000000000000"]],"pretty_elements":{"rescaled_inputs":[["0.719970703125","0.5999755859375","0.550048828125","0.6500244140625","0.8499755859375","0.4000244140625"]],"inputs":[["0x000000000000000000000000000000000000000000000000000000000000170a","0x0000000000000000000000000000000000000000000000000000000000001333","0x000000000000000000000000000000000000000000000000000000000000119a","0x00000000000000000000000000000000000000000000000000000000000014cd","0x0000000000000000000000000000000000000000000000000000000000001b33","0x0000000000000000000000000000000000000000000000000000000000000ccd"]],"processed_inputs":[],"processed_params":[],"processed_outputs":[],"rescaled_outputs":[["0.6630859375"]],"outputs":[["0x0000000000000000000000000000000000000000000000000000000000001538"]]},"outputs":[["3815000000000000000000000000000000000000000000000000000000000000"]],"processed_inputs":null,"processed_params":null,"processed_outputs":null,"max_lookup_inputs":5546,"min_lookup_inputs":0,"max_range_size":16383,"version":"23.0.5"}